title,website_url,location,start_date,end_date,linguistic_field(s),subject_language(s),LINGUISTList_url
11th Conference of the International Gender and Language Association (IGALA11),https://www.qmul.ac.uk/igala11/,London (Online),22-Jun-2021,24-Jun-2021,Anthropological Linguistics; Applied Linguistics; Discourse Analysis; Sociolinguistics ,,https://old.linguistlist.org/callconf/browse-conf-action.cfm?ConfID=435056
13th International Austronesian and Papuan Languages and Linguistics Conference (APLL13),https://www.ed.ac.uk/ppls/linguistics-and-english-language/events/apll13-2021-06-10,Edinburgh (online),10-Jun-2021,12-Jun-2021,General Linguistics,,https://old.linguistlist.org/callconf/browse-conf-action.cfm?ConfID=432456
15th International NooJ 2021 Conference (NooJ 2021),http://www.nooj-association.org/nooj2021/index.html,"Université de Franche-Comté, Besançon",09-Jun-2021,11-Jun-2021,Applied Linguistics; Computational Linguistics; Discourse Analysis; Text/Corpus Linguistics,,https://old.linguistlist.org/callconf/browse-conf-action.cfm?ConfID=429856
15th Language at the University of Essex Postgraduate Conference (LangUE) (15th LangUE 2021),https://www.essex.ac.uk/departments/language-and-linguistics/events/langue,Colchester (online),10-Jun-2021,11-Jun-2021,Applied Linguistics; General Linguistics; Language Acquisition; Sociolinguistics; Syntax,,https://old.linguistlist.org/callconf/browse-conf-action.cfm?ConfID=438756
"16th Conference on Legal Translation, Court Interpreting and Comparative Legilinguistics (Legal Linguistics)",http://lingualegis.amu.edu.pl/?page_id=27&amp;lang=en,ONLINE,18-Jun-2021,19-Jun-2021,Applied Linguistics; Discipline of Linguistics; Forensic Linguistics; Translation,,https://old.linguistlist.org/callconf/browse-conf-action.cfm?ConfID=441016
17th International Pragmatics Conference (IPrA2021),https://pragmatics.international/page/Winterthur2021,Winterthur,27-Jun-2021,02-Jul-2021,General Linguistics; Pragmatics ,,https://old.linguistlist.org/callconf/browse-conf-action.cfm?ConfID=419116
17th Joint ACL - ISO Workshop on Interoperable Semantic Annotation (ISA-17),https://sigsem.uvt.nl/isa17/,Groningen,14-Jun-2021,18-Jun-2021,Computational Linguistics,,https://old.linguistlist.org/callconf/browse-conf-action.cfm?ConfID=442636
2021 North Atlantic Phonology Conference (NAPhC),https://docs.google.com/forms/d/e/1FAIpQLSfRFFsiTAlNys15wu1sNvQxlgYTrZvpQOd4cH1EMK8o0t8hcw/viewform?usp=sf_link,Online,12-Jun-2021,27-Jun-2021,Phonology ,,https://old.linguistlist.org/callconf/browse-conf-action.cfm?ConfID=445696
2021 Virtual Pronunciation in Second Language Learning and Teaching Conference (PSLLT),https://brocku.ca/psllt-2021/,Virtual,18-Jun-2021,19-Jun-2021,Applied Linguistics; Language Acquisition; Phonetics; Phonology,,https://old.linguistlist.org/callconf/browse-conf-action.cfm?ConfID=434296
2nd International Conference on Language Teaching and Learning 2021 (ILTAL),https://www.eduhk.hk/ele/iltal2021/index.php,Zoom,19-Jun-2021,20-Jun-2021,Applied Linguistics,,https://old.linguistlist.org/callconf/browse-conf-action.cfm?ConfID=434896
3rd International Colloquium on Ancient Greek Linguistics (ICAGL),https://icaglmadrid2021.home.blog/,Madrid,23-Jun-2021,25-Jun-2021,Historical Linguistics; Morphology; Phonetics; Pragmatics; Syntax,,https://old.linguistlist.org/callconf/browse-conf-action.cfm?ConfID=424756
5th International Language and Territory Colloquium (LET 2021),https://let2021.sciencesconf.org,"Université Paul-Valéry, Montpellier 3",14-Jun-2021,20-Jun-2021,Anthropological Linguistics; Applied Linguistics; Discourse Analysis; Language Acquisition; Sociolinguistics,English; French; Occitan; Spanish,https://old.linguistlist.org/callconf/browse-conf-action.cfm?ConfID=424236
6th Social Media Mining for Health Workshop at NAACL 2021 (SMM4H-2021),https://healthlanguageprocessing.org/smm4h-2021/,Mexico City and Online,10-Jun-2021,10-Jun-2021,Applied Linguistics; Clinical Linguistics,,https://old.linguistlist.org/callconf/browse-conf-action.cfm?ConfID=437636
6th Swiss Text Analytics Conference (SwissText 2021),https://www.swisstext.org/,Brugg (Online),14-Jun-2021,16-Jun-2021,Applied Linguistics; Computational Linguistics; Forensic Linguistics; Text/Corpus Linguistics; Translation ,,https://old.linguistlist.org/callconf/browse-conf-action.cfm?ConfID=438636
8th TripleA Workshop for Semantic Fieldworkers (TripleA 8),https://lingconf.com/triplea8/,Online,21-Jun-2021,27-Jun-2021,Semantics,,https://old.linguistlist.org/callconf/browse-conf-action.cfm?ConfID=437476
9th International Workshop on Nominalizations - online edition (JENom9),https://sites.google.com/view/nominalizations-jenom9/home,Lublin/Online,17-Jun-2021,18-Jun-2021,Computational Linguistics; General Linguistics; Morphology; Semantics; Syntax,,https://old.linguistlist.org/callconf/browse-conf-action.cfm?ConfID=436176
"After COVID: Language, Diversity, and Social Justice (CLIC Conference)",http://aftercovid.rice.edu/,"Rice University, Houston, Texas (Online)",18-Jun-2021,19-Jun-2021,Applied Linguistics; Sociolinguistics,,https://old.linguistlist.org/callconf/browse-conf-action.cfm?ConfID=437696
"Approaches to Migration, Language & Identity 2021 (#AMLI2020)",https://amli2021.org/,University of Sussex/Online,09-Jun-2021,11-Jun-2021,Anthropological Linguistics; Applied Linguistics; Discourse Analysis; Sociolinguistics; Text/Corpus Linguistics ,,https://old.linguistlist.org/callconf/browse-conf-action.cfm?ConfID=432956
Approaches to Phonology and Phonetics 2021 (APAP 2021),http://apap.umcs.lublin.pl/,Lublin,25-Jun-2021,27-Jun-2021,Phonetics; Phonology,English,https://old.linguistlist.org/callconf/browse-conf-action.cfm?ConfID=431156
BAAL/CUP Seminar on Research Synthesis in Applied Linguistics: Facilitating Research-Pedagogy Dialogue,https://researchsynthesisseminar.weebly.com/,Online (Microsoft Teams),10-Jun-2021,11-Jun-2021,Applied Linguistics,,https://old.linguistlist.org/callconf/browse-conf-action.cfm?ConfID=440616
Beyond Language: Multimodal Semantic Representations (MMSR 2021) (MMSR 2021),https://mmsr-workshop.github.io/,Groningen,14-Jun-2021,18-Jun-2021,Computational Linguistics,,https://old.linguistlist.org/callconf/browse-conf-action.cfm?ConfID=440816
Conference on Multilingualism (COM2021),https://www.ling.uni-konstanz.de/en/com2021/,Konstanz (Online),23-Jun-2021,25-Jun-2021,Applied Linguistics; Language Acquisition; Neurolinguistics; Psycholinguistics; Sociolinguistics ,,https://old.linguistlist.org/callconf/browse-conf-action.cfm?ConfID=438736
Contrastive Linguistics : taking stock and looking forward in 2021. A conference in the honour and in presence of Jacqueline Guillemin-Flescher.,,Paris Créteil,10-Jun-2021,11-Jun-2021,Applied Linguistics; Discourse Analysis; Semantics; Text/Corpus Linguistics; Translation,,https://old.linguistlist.org/callconf/browse-conf-action.cfm?ConfID=425896
Coseriu's Linguistics - Origin and Actuality (COSERIU100),http://coseriu100.info,Zurich,16-Jun-2021,19-Jun-2021,History of Linguistics; Linguistic Theories; Philosophy of Language; Pragmatics; Typology ,,https://old.linguistlist.org/callconf/browse-conf-action.cfm?ConfID=427036
Discriminaging. Discourses of health discrimination based on age (Discriminaging COMET 2021),https://www.uninsubria.eu/comet2021,Como / Online,28-Jun-2021,30-Jun-2021,Applied Linguistics; Computational Linguistics; Discourse Analysis; Sociolinguistics,,https://old.linguistlist.org/callconf/browse-conf-action.cfm?ConfID=438496
ENROPE INTENSIVE STUDY WEEK: Context-Based Research: Integrating the Stakeholders (ENROPE),https://enrope.eu/,Barcelona (Online),28-Jun-2021,02-Jul-2021,Applied Linguistics; Translation ,,https://old.linguistlist.org/callconf/browse-conf-action.cfm?ConfID=442116
Forms and representations in phonology: in honour of Bob Ladd,https://sites.google.com/view/labphon2020-ladd-satellite,Barcelona,23-Jun-2021,23-Jun-2021,Linguistic Theories; Phonetics; Phonology ,,https://old.linguistlist.org/callconf/browse-conf-action.cfm?ConfID=412156
III International Symposium on Parallel Corpora: Creation and Applications (PaCor 2020),http://www.ehu.eus/pacor2020,Vitoria-Gasteiz,24-Jun-2021,25-Jun-2021,Applied Linguistics; Computational Linguistics; Text/Corpus Linguistics; Translation,,https://old.linguistlist.org/callconf/browse-conf-action.cfm?ConfID=415696
International Child Phonology Conference 2021 (virtual) (ICPC 2021),http://people.uleth.ca/~fangfang.li/ICPC2021/,Alberta (Virtual),17-Jun-2021,19-Jun-2021,Language Acquisition,,https://old.linguistlist.org/callconf/browse-conf-action.cfm?ConfID=440396
International Conference of Nordic and General Linguistics (NGL),https://www.hf.uio.no/multiling/english/news-and-events/events/conferences/2021/international-conference-of-nordic-and-general-lin/,Online / Virtual,14-Jun-2021,18-Jun-2021,General Linguistics ,,https://old.linguistlist.org/callconf/browse-conf-action.cfm?ConfID=446716
International Workshop on A.I. for Understanding Legal Business (AILBIZ),http://www.ailbiz.com/,Online,21-Jun-2021,25-Jun-2021,Computational Linguistics,,https://old.linguistlist.org/callconf/browse-conf-action.cfm?ConfID=441296
LingCologne2021: Multilingualism,https://lingcologne.uni-koeln.de/,"Online, hosted in Cologne",10-Jun-2021,11-Jun-2021,Sociolinguistics,,https://old.linguistlist.org/callconf/browse-conf-action.cfm?ConfID=439956
Linguistics and English Language Postgraduate Conference 21 (LELPGC21),https://pgc.lel.ed.ac.uk/,Edinburgh (Virtual),10-Jun-2021,12-Jun-2021,General Linguistics,,https://old.linguistlist.org/callconf/browse-conf-action.cfm?ConfID=440976
"Mutual Intelligibility: Language, Culture, Cognition (MILCC)",https://www.ias.surrey.ac.uk/event/mutual-intelligibility/,University of Surrey (Hybrid Format),24-Jun-2021,25-Jun-2021,Cognitive Science; General Linguistics; Ling &amp; Literature; Sociolinguistics; Translation,,https://old.linguistlist.org/callconf/browse-conf-action.cfm?ConfID=438936
North American Conference on Chinese Linguistics 33 (NACCL 33),https://lucian.uchicago.edu/blogs/lpl/NACCL33/,Chicago (Online),24-Jun-2021,25-Jun-2021,Phonetics; Phonology; Semantics; Sociolinguistics; Syntax ,"Chinese Sign Language; Chinese, Gan; Chinese, Hakka; Chinese, Huizhou; Chinese, Jinyu; Chinese, Late Middle; Chinese, Mandarin; Chinese, Min Bei; Chinese, Min Dong; Chinese, Min Nan; Chinese, Min Zhong; Chinese, Old; Chinese, Pu-Xian; Chinese, Wu; Chinese, Xiang; Chinese, Yue; English ",https://old.linguistlist.org/callconf/browse-conf-action.cfm?ConfID=437916
Perspective Taking in Language (PeTaL),https://sites.google.com/rug.nl/petal/,Online,23-Jun-2021,24-Jun-2021,Cognitive Science; Philosophy of Language; Pragmatics; Psycholinguistics; Semantics ,,https://old.linguistlist.org/callconf/browse-conf-action.cfm?ConfID=445456
Phonetics and Phonology in Europe 2021 (PaPE),https://pape2021.upf.edu/,Barcelona,21-Jun-2021,23-Jun-2021,Phonetics; Phonology,,https://old.linguistlist.org/callconf/browse-conf-action.cfm?ConfID=426576
Pragmatics of Translation (SymPol + iMean),https://sympol-imean21.philhist.unibas.ch/en/home/,Basel,24-Jun-2021,26-Jun-2021,Discourse Analysis; Pragmatics; Sociolinguistics; Text/Corpus Linguistics; Translation,,https://old.linguistlist.org/callconf/browse-conf-action.cfm?ConfID=403316
Prosodic Variation: The Role of Past and Present Contact in Multilingual Societies (ProVar2021),https://provar2021.com/,Barcelona,23-Jun-2021,23-Jun-2021,Phonetics; Phonology; Sociolinguistics,,https://old.linguistlist.org/callconf/browse-conf-action.cfm?ConfID=435976
RaAM 14 METAPHOR AND SPACE (RaAM 14),http://www.raam14.flf.vu.lt,Vilnius,23-Jun-2021,26-Jun-2021,Applied Linguistics; Cognitive Science; Pragmatics; Semantics,,https://old.linguistlist.org/callconf/browse-conf-action.cfm?ConfID=425316
"Regional languages of France: new approaches, new methodologies, revitalisation (SLP Conference)",https://www.slp-paris.com/journees.html,Paris (Virtual conference),12-Jun-2021,12-Jun-2021,Historical Linguistics; Sociolinguistics; Syntax ,French ,https://old.linguistlist.org/callconf/browse-conf-action.cfm?ConfID=446356
Second International Workshop on Language Acquisition in Copenhagen,https://cst.ku.dk/english/projekter/multimodal-child-language-acquisition/international-workshop-on-language-acquisition/,"University of Copenhagen, Copenhagen,",22-Jun-2021,23-Jun-2021,Applied Linguistics; Computational Linguistics; Language Acquisition; Psycholinguistics; Text/Corpus Linguistics,,https://old.linguistlist.org/callconf/browse-conf-action.cfm?ConfID=439056
Second NAtural LOgic meets MAchine Learning Workshop (NALOMA'21),https://typo.uni-konstanz.de/naloma21/,Online,14-Jun-2021,18-Jun-2021,Applied Linguistics; Computational Linguistics; Semantics ,,https://old.linguistlist.org/callconf/browse-conf-action.cfm?ConfID=437736
Shared Task on VoxML Standardization (ISA-17-VoxML),https://sigsem.uvt.nl/isa17/,Groningen (virtual event),15-Jun-2021,16-Jun-2021,Computational Linguistics,,https://old.linguistlist.org/callconf/browse-conf-action.cfm?ConfID=442536
Social Studies of the English Language in France and the French-speaking World (SELFF),,Metz,25-Jun-2021,25-Jun-2021,Sociolinguistics,English,https://old.linguistlist.org/callconf/browse-conf-action.cfm?ConfID=425016
Society for Pidgin and Creole Linguistics - Summer Meeting,,Virtual Meeting,28-Jun-2021,30-Jun-2021,General Linguistics,,https://old.linguistlist.org/callconf/browse-conf-action.cfm?ConfID=437416
Stabilizing Indigenous Languages Symposium (SILS),https://sils27.ca/,"Kingston, ON (Online)",14-Jun-2021,18-Jun-2021,Anthropological Linguistics; Language Documentation ,,https://old.linguistlist.org/callconf/browse-conf-action.cfm?ConfID=441276
TABU Dag 2021,http://www.tabudag.nl,Online,10-Jun-2021,11-Jun-2021,General Linguistics,,https://old.linguistlist.org/callconf/browse-conf-action.cfm?ConfID=434496
"Teaching, Research and Scholarship Excellence in Arabic Language, Culture, Literature, Linguistics and Translation",https://britisharabicteaching.org/bata-conference-24-25-june-2021/,"Leeds, United Kingdom",24-Jun-2021,25-Jun-2021,Applied Linguistics; General Linguistics,"Arabic, Standard",https://old.linguistlist.org/callconf/browse-conf-action.cfm?ConfID=426396
Tenth Bonn Applied English Linguistics Conference (BAELc10),https://www.applied-linguistics.uni-bonn.de,Bonn (Online),10-Jun-2021,12-Jun-2021,Applied Linguistics ,,https://old.linguistlist.org/callconf/browse-conf-action.cfm?ConfID=438336
"The interface of emotion and cognition in language learning and use (L1, L2, Lx) - International workshop (online event)",https://www.essex.ac.uk/events/2021/06/24/ladeli-international-workshop,Online event,24-Jun-2021,24-Jun-2021,Applied Linguistics; Language Acquisition; Psycholinguistics; Sociolinguistics ,,https://old.linguistlist.org/callconf/browse-conf-action.cfm?ConfID=442716
The Romance Turn,http://www.romanceturn.info/balearic,Ibiza,16-Jun-2021,18-Jun-2021,Clinical Linguistics; Language Acquisition; Psycholinguistics; Syntax ,,https://old.linguistlist.org/callconf/browse-conf-action.cfm?ConfID=424596
Third Cultural Linguistics International Conference (CLIC-2021),http://scitope.com/clic-2020/,Budapest,16-Jun-2021,18-Jun-2021,Anthropological Linguistics; Applied Linguistics; Cognitive Science; Semantics,,https://old.linguistlist.org/callconf/browse-conf-action.cfm?ConfID=424776
UIC Barcelona Sixth Annual Spring Research Seminar 'Multilingualism and Language Learning' (UIC Barcelona 6th SRS),https://www.uic.es/ca/institute-multilingualism/recerca/spring-research-seminar,ONLINE,11-Jun-2021,11-Jun-2021,Applied Linguistics; Discourse Analysis; Language Acquisition ,,https://old.linguistlist.org/callconf/browse-conf-action.cfm?ConfID=446756
Women in German Studies (WIGS),https://womeningermanstudies.wordpress.com/,Online,24-Jun-2021,26-Jun-2021,Applied Linguistics; Ling &amp; Literature,German,https://old.linguistlist.org/callconf/browse-conf-action.cfm?ConfID=443236
XPRAG Wine Gatherings (XPRAG-Wine),https://sites.google.com/view/xprag-wine/home,University of Potsdam,10-Jun-2021,10-Jun-2021,Cognitive Science; Pragmatics; Psycholinguistics; Semantics ,,https://old.linguistlist.org/callconf/browse-conf-action.cfm?ConfID=446656
XV International Symposium of Psycholinguistics (ISP 2021),https://actos.nebrija.es/58817/detail/xv-international-symposium-of-psycholinguistics-2021.html,Madrid (Online),22-Jun-2021,25-Jun-2021,Psycholinguistics ,,https://old.linguistlist.org/callconf/browse-conf-action.cfm?ConfID=435856
15th Annual Lancaster Linguistics and English Language Postgraduate Conference (LAEL PG 2021),,Lancaster (Online),23-Jul-2021,24-Jul-2021,"Discourse Analysis, Ling &amp; Lit, Historical Linguistics, Cognitive Science, Text/Corpus Linguistics",,https://old.linguistlist.org/callconf/browse-conf-action.cfm?ConfID=438236
15th International Conference on Deontic Logic and Normative Systems (DEON 2021),https://www.mcmp.philosophie.uni-muenchen.de/events/workshops/container/deon-2021/index.html,Munich,21-Jul-2021,24-Jul-2021,Cognitive Science; Computational Linguistics; Pragmatics; Semantics,,https://old.linguistlist.org/callconf/browse-conf-action.cfm?ConfID=438376
18th Meeting of the French Phonology Network (RFP) (RFP2021),https://rfp2021.sciencesconf.org/,Clermont-Ferrand,01-Jul-2021,03-Jul-2021,Phonology,English; French,https://old.linguistlist.org/callconf/browse-conf-action.cfm?ConfID=437316
24. Afrikanist*innentag (AFRA2021),https://www.uni-frankfurt.de/82148543/AFRA2021_call,Online,01-Jul-2021,03-Jul-2021,Anthropological Linguistics; General Linguistics; Historical Linguistics; Language Documentation; Typology,,https://old.linguistlist.org/callconf/browse-conf-action.cfm?ConfID=433136
26th International Lexical-Functional Grammar Conference (LFG21),https://ling.sprachwiss.uni-konstanz.de/pages/home/lfg/,Online,13-Jul-2021,16-Jul-2021,Computational Linguistics; General Linguistics; Semantics; Syntax ,,https://old.linguistlist.org/callconf/browse-conf-action.cfm?ConfID=432976
"28th FILLM International Congress: Linguistic, Literary, and Cultural Diversity in a Global Perspective (FILLM2021)",https://fillm2021.univie.ac.at/,Vienna,18-Jul-2021,21-Jul-2021,Anthropological Linguistics; Applied Linguistics; General Linguistics; Ling &amp; Literature,,https://old.linguistlist.org/callconf/browse-conf-action.cfm?ConfID=431216
28th International Conference on Head-Driven Phrase Structure Grammar (HPSG-2021),,Frankfurt (Online),28-Jul-2021,29-Jul-2021,Computational Linguistics; General Linguistics; Linguistic Theories,,https://old.linguistlist.org/callconf/browse-conf-action.cfm?ConfID=433716
2nd International Linguistics Colloquium in Bolivia (ILCB),https://www.lssbolivia.com,Online,17-Jul-2021,18-Jul-2021,General Linguistics,,https://old.linguistlist.org/callconf/browse-conf-action.cfm?ConfID=443036
34th Paris Meeting on East Asian Linguistics (JLAO34),http://crlao.ehess.fr/index.php?2160,Paris (Online),07-Jul-2021,09-Jul-2021,General Linguistics,,https://old.linguistlist.org/callconf/browse-conf-action.cfm?ConfID=441596
36th Annual Conference of the Israel Association for Theoretical Linguistics (IATL36),https://www.iatl.org.il/?page_id=1756,Ramat Gan (Zoom),11-Jul-2021,13-Jul-2021,General Linguistics,,https://old.linguistlist.org/callconf/browse-conf-action.cfm?ConfID=438356
3rd International Conference on Conversational User Interfaces (CUI 2021),https://www.conversationaluserinterfaces.org/2021/,Bilbao & Virtual (hybrid event),27-Jul-2021,29-Jul-2021,Applied Linguistics; Cognitive Science; Computational Linguistics; Psycholinguistics; Sociolinguistics,English,https://old.linguistlist.org/callconf/browse-conf-action.cfm?ConfID=433616
5th INTERNATIONAL CONFERENCE CONTEMPORARY CHALLENGES IN LSP TEACHING,http://unjsvu.hr/en/lsp-teachers-croatia-conference-update/,"Zagreb, Faculty of Mechanical Engineering and Naval Architecture",01-Jul-2021,02-Jul-2021,Discourse Analysis; Language Acquisition; Lexicography; Psycholinguistics; Translation,,https://old.linguistlist.org/callconf/browse-conf-action.cfm?ConfID=434976
6th International Conference on Chinese as a Second Language Research (Virtual Conference) (CASLAR-6),https://eall.columbian.gwu.edu/caslar-6-2021,"Online (organized by the George Washington University, Washington DC, USA)",30-Jul-2021,01-Aug-2021,Language Acquisition ,"Chinese, Mandarin ",https://old.linguistlist.org/callconf/browse-conf-action.cfm?ConfID=446736
6th Workshop on Sound Change (WSC6),,Bangkok,13-Jul-2021,16-Jul-2021,Historical Linguistics; Phonetics; Phonology ,,https://old.linguistlist.org/callconf/browse-conf-action.cfm?ConfID=415116
Colloquium on Grammatical Studies of Chinese Wu Dialects (Wu Colloquium),https://sites.google.com/view/chinese-language-dialects/home,Online,14-Jul-2021,16-Jul-2021,General Linguistics,"Chinese, Wu",https://old.linguistlist.org/callconf/browse-conf-action.cfm?ConfID=437196
Corpus Approaches to Lexicogrammar 2021 (LxGr2021),http://ehu.ac.uk/lxgr,Online,03-Jul-2021,03-Jul-2021,Computational Linguistics; Linguistic Theories; Semantics; Syntax; Text/Corpus Linguistics,,https://old.linguistlist.org/callconf/browse-conf-action.cfm?ConfID=437396
Current Trends in Linguistics 2020 – Global Dialect Laboratories in Multilingual Ecologies (CuTLi 2020),https://cutli2020.wordpress.com/,Hamburg,10-Jul-2021,11-Jul-2021,Discipline of Linguistics; General Linguistics; Language Acquisition; Sociolinguistics,English,https://old.linguistlist.org/callconf/browse-conf-action.cfm?ConfID=389476
eLex 2021: Electronic lexicography in the 21st century. (eLex 2021),http://elex.link/elex2021,Brno,05-Jul-2021,07-Jul-2021,Computational Linguistics; Lexicography; Text/Corpus Linguistics,,https://old.linguistlist.org/callconf/browse-conf-action.cfm?ConfID=433496
Expanding Romance Linguistics - Crossing the Boundaries,https://homepage.uni-graz.at/de/stefan.koch/workshop-expanding-romance-linguistics/,Graz,22-Jul-2021,24-Jul-2021,General Linguistics; Historical Linguistics; Linguistic Theories; Text/Corpus Linguistics,,https://old.linguistlist.org/callconf/browse-conf-action.cfm?ConfID=441256
Fifth International Usage Based Linguistics Conference (UBL 5),https://sites.google.com/view/ubl5/home,Online,05-Jul-2021,07-Jul-2021,General Linguistics ,,https://old.linguistlist.org/callconf/browse-conf-action.cfm?ConfID=445276
First International Conference on Sicilian Dialectology,http://cids.festivaldeidialettisiciliani.com/,Delia (Caltanissetta),08-Jul-2021,10-Jul-2021,General Linguistics,Sicilian,https://old.linguistlist.org/callconf/browse-conf-action.cfm?ConfID=423876
#GenderChallenge – Exploring Gender Identities Online (#GenderChallenge21),https://easychair.org/cfp/GenderChallenge21,Online (Greifswald & Konstanz),18-Jul-2021,21-Jul-2021,Applied Linguistics; Discourse Analysis; Pragmatics; Sociolinguistics; Text/Corpus Linguistics,,https://old.linguistlist.org/callconf/browse-conf-action.cfm?ConfID=436536
HPSG 2021 - Workshop on Negation (HPSG2021-NEG),https://blog.studiumdigitale.uni-frankfurt.de/hpsg21/,Frankfurt (Online),30-Jul-2021,30-Jul-2021,General Linguistics; Morphology; Semantics; Syntax; Text/Corpus Linguistics,,https://old.linguistlist.org/callconf/browse-conf-action.cfm?ConfID=437336
Indigenous Awareness Month: endangered Nawat culture and language,https://indigenousawarenes9.wixsite.com/patrimonio,Tuebingen (Online),08-Jul-2021,29-Jul-2021,Anthropological Linguistics; Sociolinguistics ,Pipil ,https://old.linguistlist.org/callconf/browse-conf-action.cfm?ConfID=445936
International Corpus Linguistics Conference 2021 (CL2021),https://cl2021.org,Limerick (Online),13-Jul-2021,16-Jul-2021,Text/Corpus Linguistics ,,https://old.linguistlist.org/callconf/browse-conf-action.cfm?ConfID=438176
International Symposium on Bilingualism (ISB13),http://isb13.wls.uw.edu.pl,Warsaw,09-Jul-2021,14-Jul-2021,Applied Linguistics; General Linguistics; Neurolinguistics; Psycholinguistics; Sociolinguistics,,https://old.linguistlist.org/callconf/browse-conf-action.cfm?ConfID=405996
"International Symposium on Translation and Interpreting as Social Interaction: Affect, Behaviour and Cognition & 7th CATIC forum",,University College London,16-Jul-2021,19-Jul-2021,Translation,English,https://old.linguistlist.org/callconf/browse-conf-action.cfm?ConfID=434756
International Workshop on Functional Discourse Grammar: Modification in Functional Discourse Grammar: (IW-FDG-2021),http://home.hum.uva.nl/fdg/events/workshops/FDG-IW-2021/Workshop_2021.html,Graz,12-Jul-2021,13-Jul-2021,Linguistic Theories,,https://old.linguistlist.org/callconf/browse-conf-action.cfm?ConfID=430436
Language Ideologies and Political Discourse (DN27),https://discourseanalysis.net/en/discoursenet-dn-27-language-ideologies-and-political-discourse,Milton Keynes (Virtual),12-Jul-2021,14-Jul-2021,Sociolinguistics,,https://old.linguistlist.org/callconf/browse-conf-action.cfm?ConfID=439616
Linguistic Association of Canada and the United States 2021 Conference (LACUS),http://lacus.weebly.com/2021-conference.html,"The University of Toledo, Toledo, Ohio (Online)",19-Jul-2021,23-Jul-2021,Applied Linguistics; General Linguistics; Historical Linguistics; Linguistic Theories; Pragmatics,,https://old.linguistlist.org/callconf/browse-conf-action.cfm?ConfID=439376
LV CONGRESO INTERNACIONAL AEPE (LV CONGRESO INTERNACIONAL AEPE),https://aepe.eu/lv-congreso-internacional/#modalidades,Online,26-Jul-2021,29-Jul-2021,Ling &amp; Literature,Spanish,https://old.linguistlist.org/callconf/browse-conf-action.cfm?ConfID=441736
Modalità (e dintorni) in siciliano (Modality (and around) in Sicilian),,MS Teams,06-Jul-2021,06-Jul-2021,Discipline of Linguistics,Sicilian,https://old.linguistlist.org/callconf/browse-conf-action.cfm?ConfID=438276
NAMED 2020: De/constructing motion events,http://motionevents.sciencesconf.org/,PARIS,01-Jul-2021,03-Jul-2021,General Linguistics; Morphology; Semantics; Syntax; Typology,,https://old.linguistlist.org/callconf/browse-conf-action.cfm?ConfID=414896
"Okinawa JALT @ 40: Examining the Past, Present, and Future of Language Education -- Summer Symposium 2021",https://www.okijalt.org/,Okinawa (online),25-Jul-2021,25-Jul-2021,Applied Linguistics ,,https://old.linguistlist.org/callconf/browse-conf-action.cfm?ConfID=446596
PhrasaLex II - Phraseological Approaches to Learner's Lexicography,https://www.uni-hildesheim.de/fb3/institute/iwist/veranstaltungen/phrasalex-ii,Hildesheim (Online),22-Jul-2021,23-Jul-2021,Applied Linguistics; Cognitive Science; Computational Linguistics; General Linguistics; Lexicography ,,https://old.linguistlist.org/callconf/browse-conf-action.cfm?ConfID=446696
Poetics and Linguistics Association (PALA) Annual Conference (PALA2021),https://palaconference.wordpress.com,Online (hosted from Nottingham),07-Jul-2021,09-Jul-2021,Applied Linguistics; Cognitive Science; Ling &amp; Literature; Pragmatics; Text/Corpus Linguistics,,https://old.linguistlist.org/callconf/browse-conf-action.cfm?ConfID=441536
RéAL2 2021 (RéAL2 2021),https://blogs.univ-tlse2.fr/real2-2020,Toulouse,05-Jul-2021,07-Jul-2021,Psycholinguistics,French,https://old.linguistlist.org/callconf/browse-conf-action.cfm?ConfID=434376
V Congresso Internacional de Linguística Histórica: Constelações Diacrônicas (V CILH),https://www2.iel.unicamp.br/v-cilh/,"Online / Campinas,SP",19-Jul-2021,23-Jul-2021,General Linguistics; Historical Linguistics; Sociolinguistics; Text/Corpus Linguistics,,https://old.linguistlist.org/callconf/browse-conf-action.cfm?ConfID=433936
V International Conference on Historical Linguistics (V CILH),https://www2.iel.unicamp.br/v-cilh/english/,Campinas,19-Jul-2021,23-Jul-2021,Historical Linguistics; Semantics,,https://old.linguistlist.org/callconf/browse-conf-action.cfm?ConfID=434096
XII Workshop sobre la prosòdia del català,https://www.ub.edu/phoneticslaboratory/Cat_ToBI_2020/,Barcelona & Palma (Online),05-Jul-2021,05-Jul-2021,Phonetics; Phonology,Catalan-Valencian-Balear,https://old.linguistlist.org/callconf/browse-conf-action.cfm?ConfID=443916
11th International Conference on Construction Grammar (ICCG11),https://www.uantwerpen.be/iccg11,Antwerp,18-Aug-2021,20-Aug-2021,Computational Linguistics; General Linguistics; Historical Linguistics; Language Acquisition; Text/Corpus Linguistics,,https://old.linguistlist.org/callconf/browse-conf-action.cfm?ConfID=432876
15th Nilo-Saharan Linguistics Colloquium,https://www.ed.ac.uk/ppls/linguistics-and-english-language/events/nilo-saharan-linguistics-colloquium-2021-08-04,Nairobi (Online),04-Aug-2021,06-Aug-2021,Anthropological Linguistics; Applied Linguistics; General Linguistics; Genetic Classification; Language Documentation,,https://old.linguistlist.org/callconf/browse-conf-action.cfm?ConfID=420076
16th International Conference on Role and Reference Grammar 2021 (RRG2021),https://rrg2021.apps01.yorku.ca/,"Online, Toronto, Ontario",04-Aug-2021,06-Aug-2021,Morphology; Pragmatics; Semantics; Syntax; Typology,,https://old.linguistlist.org/callconf/browse-conf-action.cfm?ConfID=434116
17th Workshop on Multiword Expressions (MWE 2021),https://multiword.org/mwe2021/,Bangkok (Online),05-Aug-2021,06-Aug-2021,Computational Linguistics,,https://old.linguistlist.org/callconf/browse-conf-action.cfm?ConfID=437176
22nd Meeting of the International Circle of Korean Linguistics (ICKL2021),https://ickl.modoo.at/,"National Chengchi University, Taipei",16-Aug-2021,18-Aug-2021,General Linguistics,Korean,https://old.linguistlist.org/callconf/browse-conf-action.cfm?ConfID=430736
2nd Conference on easy-to-read language research (KLAARA 2021),http://klaara.ch,Olten,30-Aug-2021,31-Aug-2021,Applied Linguistics; Lexicography; Sociolinguistics; Syntax; Text/Corpus Linguistics,,https://old.linguistlist.org/callconf/browse-conf-action.cfm?ConfID=428396
2nd International Workshop on Computational Approaches to Historical Language Change 2021 (ACL 2021) (LChange 2021),https://languagechange.org/events/2021-acl-lchange/,Bangkok,05-Aug-2021,06-Aug-2021,Computational Linguistics,,https://old.linguistlist.org/callconf/browse-conf-action.cfm?ConfID=440556
54th Annual Meeting of the Societas Linguistica Europaea (SLE 2021),https://societaslinguistica.eu/meetings/,Athens,31-Aug-2021,03-Sep-2021,General Linguistics,,https://old.linguistlist.org/callconf/browse-conf-action.cfm?ConfID=383276
5th American International Morphology Meeting,,"Columbus, OH (Online)",26-Aug-2021,29-Aug-2021,Linguistic Theories; Morphology,,https://old.linguistlist.org/callconf/browse-conf-action.cfm?ConfID=424256
Challenges and Applications of Automated Extraction of Socio-political Events from Text @ACL-IJCNLP (CASE),https://emw.ku.edu.tr/case-2021/,Bangkok (Online),05-Aug-2021,06-Aug-2021,Computational Linguistics; General Linguistics; Language Documentation; Text/Corpus Linguistics,,https://old.linguistlist.org/callconf/browse-conf-action.cfm?ConfID=436356
ConLAUNA VIRTUAL 2021 (ConLAUNA),https://www.srb.una.ac.cr/index.php/es/conlauna,"Perez Zeledon, San Jose (Virtual)",25-Aug-2021,27-Aug-2021,Applied Linguistics; Language Acquisition ,English ,https://old.linguistlist.org/callconf/browse-conf-action.cfm?ConfID=442016
Continuative and contrastive discourse relations across discourse domains: Cognitive and cross-linguistic approaches,,,,,Discourse Analysis,,https://old.linguistlist.org/callconf/browse-conf-action.cfm?ConfID=427916
Continuative and contrastive discourse relations across discourse domains: Cognitive and cross-linguistic approaches,,,,,Discourse Analysis,,https://old.linguistlist.org/callconf/browse-conf-action.cfm?ConfID=428556
Disfluency in Spontaneous Speech (DiSS),http://diss2021.fr/,Université Paris 8 Vincennes - Saint-Denis,26-Aug-2021,27-Aug-2021,Applied Linguistics; Neurolinguistics; Psycholinguistics,,https://old.linguistlist.org/callconf/browse-conf-action.cfm?ConfID=429396
Enhancing Collaborative and Interdisciplinary Research on Languages in Eastern Africa (LAEA 2),http://www.thelaea.org,Eldoret,12-Aug-2021,13-Aug-2021,Applied Linguistics; General Linguistics,,https://old.linguistlist.org/callconf/browse-conf-action.cfm?ConfID=441036
Extensive Reading Around the World (ERAW2021),https://erfoundation.org/eraw/,Online Conference,13-Aug-2021,15-Aug-2021,Applied Linguistics; General Linguistics; Language Acquisition; Ling &amp; Literature; Text/Corpus Linguistics ,,https://old.linguistlist.org/callconf/browse-conf-action.cfm?ConfID=434716
First Workshop on Understanding Implicit and Underspecified Language (UnImplicit),https://unimplicit.github.io/,Bangkok,05-Aug-2021,06-Aug-2021,Applied Linguistics; Computational Linguistics; Pragmatics; Semantics,,https://old.linguistlist.org/callconf/browse-conf-action.cfm?ConfID=435896
International Conference on the Structure of Hungarian (ICSH15),https://icsh15.netlify.app/,Pécs,25-Aug-2021,26-Aug-2021,Morphology; Phonetics; Phonology; Semantics; Syntax,Hungarian,https://old.linguistlist.org/callconf/browse-conf-action.cfm?ConfID=438516
International Workshop on Intelligent Data – From Data to Knowledge (DOING 2021),https://www.univ-orleans.fr/lifo/evenements/doing/?page_id=551,Tartu,24-Aug-2021,24-Aug-2021,Computational Linguistics,,https://old.linguistlist.org/callconf/browse-conf-action.cfm?ConfID=439656
Reconnecting the LESLLA Community in 2021 (LESLLA),https://www.leslla.org/,Online,11-Aug-2021,12-Aug-2021,General Linguistics; Linguistic Theories,,https://old.linguistlist.org/callconf/browse-conf-action.cfm?ConfID=445236
Small-Scale Multilingualism Conference 2 (SSML2),https://www.helsinki.fi/en/conferences/small-scale-multilingualism-conference-2-ssml2,Helsinki (online),16-Aug-2021,18-Aug-2021,Sociolinguistics,,https://old.linguistlist.org/callconf/browse-conf-action.cfm?ConfID=440036
The International Association for Forensic Phonetics and Acoustics (IAFPA) Conference (IAFPA2021),https://www.uni-marburg.de/en/fb09/institutes/german-linguistics/phonetics/iafpa2021,Marburg (Online),22-Aug-2021,25-Aug-2021,Computational Linguistics; Forensic Linguistics; Neurolinguistics; Phonetics,,https://old.linguistlist.org/callconf/browse-conf-action.cfm?ConfID=444056
The Japan Association of College English Teachers (JACET) 60th Anniversary Commemoration Week - 48th Summer Seminar and 60th Commemorative International Convention (JACET2021),https://jacet.org/jacet60th/,Online,25-Aug-2021,29-Aug-2021,Applied Linguistics,English,https://old.linguistlist.org/callconf/browse-conf-action.cfm?ConfID=436936
Variation And Linguistic Processing 5 (VALP5),https://nors.ku.dk/english/calendar/2021/5th-variation-and-language-processing-conference/,University of Copenhagen,25-Aug-2021,27-Aug-2021,Cognitive Science; General Linguistics; Neurolinguistics; Psycholinguistics; Sociolinguistics,,https://old.linguistlist.org/callconf/browse-conf-action.cfm?ConfID=439416
Young Female Researchers in Speech Workshop 2021 (YFRSW 2021),https://sites.google.com/view/yfrsw-2021,Brno (Online),29-Aug-2021,29-Aug-2021,Applied Linguistics; Computational Linguistics; Neurolinguistics; Psycholinguistics,,https://old.linguistlist.org/callconf/browse-conf-action.cfm?ConfID=445836
12th Linguistic Landscape Workshop,https://sprak.gu.se/english/research/conferences/ll12,Online/Gothenburg,01-Sep-2021,03-Sep-2021,General Linguistics,,https://old.linguistlist.org/callconf/browse-conf-action.cfm?ConfID=437876
14th Congresso Alemão de Lusitanistas 2021,https://www.lusitanistentag2021-leipzig.de/pagina-inicial/,Leipzig,15-Sep-2021,19-Sep-2021,General Linguistics,Portuguese,https://old.linguistlist.org/callconf/browse-conf-action.cfm?ConfID=439936
16th Annual Meeting of the Slavic Linguistics Society (SLS-16),https://publish.illinois.edu/sls16uiuc2021/,"Urbana, IL (Virtual)",03-Sep-2021,05-Sep-2021,General Linguistics,,https://old.linguistlist.org/callconf/browse-conf-action.cfm?ConfID=430556
1920-2020: un secolo di parole e immagini per raccontare / 1920-2020: A century of words and images telling the story of amnesia - International Conference,https://amnesiedautore.uniurb.it/?page_id=229,Urbino,23-Sep-2021,24-Sep-2021,Ling &amp; Literature,,https://old.linguistlist.org/callconf/browse-conf-action.cfm?ConfID=440876
1971-2021: 50 ans de corpus montréalais,http://colloque-corpus.evenement.usherbrooke.ca,Montreal,16-Sep-2021,18-Sep-2021,Sociolinguistics,French,https://old.linguistlist.org/callconf/browse-conf-action.cfm?ConfID=423756
20th International Symposium of Processability Approaches to Language Acquisition (PALA 2021),https://webmagazine.unitn.it/en/evento/lettere/74800/pala-2021,Università di Trento,24-Sep-2021,25-Sep-2021,Language Acquisition,,https://old.linguistlist.org/callconf/browse-conf-action.cfm?ConfID=434056
25TH WORKSHOP ON THE SEMANTICS AND PRAGMATICS OF DIALOGUE (SemDial 2021 - PotsDial),https://semdial2021.ling.uni-potsdam.de,Potsdam and Online,20-Sep-2021,22-Sep-2021,Computational Linguistics; Pragmatics; Semantics,,https://old.linguistlist.org/callconf/browse-conf-action.cfm?ConfID=442516
3rd ILLA FOCUS CONFERENCE ON FORENSIC LINGUISTICS: LANGUAGE AS EVIDENCE,https://illaconferences2021.ua.es/en/focus-conference,Alicante,06-Sep-2021,06-Sep-2021,Forensic Linguistics,,https://old.linguistlist.org/callconf/browse-conf-action.cfm?ConfID=434796
3rd International Symposium on Applied Phonetics 2021,http://wwwa.fundacio.urv.cat/congressos/isaph2021/,"Universitat Rovira i Virgili, Tarragona (Online)",06-Sep-2021,08-Sep-2021,Applied Linguistics; Language Acquisition; Phonetics; Phonology,,https://old.linguistlist.org/callconf/browse-conf-action.cfm?ConfID=441576
3rd International Workshop on Resources and Tools for Derivational Morphology (DeriMo 2021),http://nabil.hathout.free.fr/DeriMo2021/,Nancy (Online),09-Sep-2021,10-Sep-2021,Computational Linguistics; Morphology,,https://old.linguistlist.org/callconf/browse-conf-action.cfm?ConfID=424676
50th Poznan Linguistic Meeting (PLM2021),http://wa.amu.edu.pl/plm/,Poznan,16-Sep-2021,19-Sep-2021,Discipline of Linguistics; General Linguistics,,https://old.linguistlist.org/callconf/browse-conf-action.cfm?ConfID=435536
5th ILLA GENERAL CONFERENCE: LANGUAGE AND LAW IN THE AGE OF MIGRATION,https://illaconferences2021.ua.es/,Alicante,07-Sep-2021,09-Sep-2021,Forensic Linguistics,,https://old.linguistlist.org/callconf/browse-conf-action.cfm?ConfID=434776
5th International Conference on Kurdish Linguistics (ICKL-5),https://kurdishlinguistics2021.uni-graz.at/en/conference/call-for-papers/,Graz,24-Sep-2021,25-Sep-2021,General Linguistics; Language Acquisition; Sociolinguistics; Text/Corpus Linguistics; Typology,,https://old.linguistlist.org/callconf/browse-conf-action.cfm?ConfID=440236
6th Prescriptivism Conference (Prescriptivism2021),http://prescriptivism2021.uvigo.gal,Online,23-Sep-2021,25-Sep-2021,Historical Linguistics; Ling &amp; Literature; Sociolinguistics,,https://old.linguistlist.org/callconf/browse-conf-action.cfm?ConfID=334176
9th Biennial International Conference on the Linguistics of Contemporary English (BICLCE),http://biclce21.ff.uni-lj.si/,Ljubljana,23-Sep-2021,25-Sep-2021,Discourse Analysis; Language Acquisition; Phonology; Syntax; Text/Corpus Linguistics,English,https://old.linguistlist.org/callconf/browse-conf-action.cfm?ConfID=422616
9th Brno Conference on Linguistics Studies in English: Patterns and variation in English language discourse (9th BCLSE),https://bclse.ped.muni.cz/,"Masaryk University, Faculty of Education, Brno",16-Sep-2021,17-Sep-2021,Applied Linguistics; Discourse Analysis; Pragmatics; Sociolinguistics; Text/Corpus Linguistics,,https://old.linguistlist.org/callconf/browse-conf-action.cfm?ConfID=441656
British Association for Applied Linguistics 2021 (BAAL2021),https://www.northumbria.ac.uk/about-us/news-events/events/2021/09/baal-2020/,Newcastle,09-Sep-2021,11-Sep-2021,Applied Linguistics; Text/Corpus Linguistics,,https://old.linguistlist.org/callconf/browse-conf-action.cfm?ConfID=435416
Children and Languages Today 2021: Reading in contemporary context (ChiLa 2021),https://chila.eu,Osijek,16-Sep-2021,18-Sep-2021,Applied Linguistics; Cognitive Science; Language Acquisition; Psycholinguistics; Sociolinguistics,,https://old.linguistlist.org/callconf/browse-conf-action.cfm?ConfID=443936
Cognitive Linguistics in the Year 2020,http://ptjk2020.uni.lodz.pl/,Lodz,23-Sep-2021,25-Sep-2021,Cognitive Science; Linguistic Theories,English,https://old.linguistlist.org/callconf/browse-conf-action.cfm?ConfID=412996
Colloque international : Médiation(s) et médiatisation(s) en classe de langue. Quelle(s) mise(s) en oeuvre ? Quelles conséquences ?,https://www.uco.fr/fr/colloque/colloque-mediations-et-mediatisations-en-classe-de-langue,Angers (Online),27-Sep-2021,28-Sep-2021,Applied Linguistics; Language Acquisition,,https://old.linguistlist.org/callconf/browse-conf-action.cfm?ConfID=427936
Colorful concepts from a linguistic point of view,,"Ruhr University Bochum, Zoom (Online)",09-Sep-2021,10-Sep-2021,Cognitive Science; Pragmatics; Semantics,,https://old.linguistlist.org/callconf/browse-conf-action.cfm?ConfID=440436
"Complex prepositions in French: Theories, descriptions, applications (PrepComp 2021)",https://blogs.univ-tlse2.fr/prepcomp2021/,Toulouse,29-Sep-2021,02-Oct-2021,Historical Linguistics; Lexicography; Semantics; Syntax; Typology,French,https://old.linguistlist.org/callconf/browse-conf-action.cfm?ConfID=435336
"Concepts in Action: Representation, Learning, and Application (CARLA)",https://www.conceptuccino.uni-osnabrueck.de/carla_workshop/carla_2021.html,Bolzano & Virtual,16-Sep-2021,17-Sep-2021,Cognitive Science; Computational Linguistics; General Linguistics; Pragmatics; Semantics,,https://old.linguistlist.org/callconf/browse-conf-action.cfm?ConfID=438456
Conference on Asian Linguistic Anthropology 2021 (GLOCAL CALA 2021),https://cala2021.upd.edu.ph/,University of The Philippines Diliman,01-Sep-2021,04-Sep-2021,Anthropological Linguistics; Discourse Analysis; General Linguistics; Language Documentation; Sociolinguistics,,https://old.linguistlist.org/callconf/browse-conf-action.cfm?ConfID=430676
Conventional and unconventional ways of transmitting and revitalizing minoritized languages (CUWTRML),https://ispan.waw.pl/default/,Warsaw,08-Sep-2021,09-Sep-2021,Anthropological Linguistics; Language Documentation; Sociolinguistics,,https://old.linguistlist.org/callconf/browse-conf-action.cfm?ConfID=438016
Encuentro de Lingüística Formal en México / Formal Linguistics Meeting in Mexico (ELF 2),https://encuentrodelinguisticaformalmx.wordpress.com,Puebla (Online),08-Sep-2021,10-Sep-2021,General Linguistics,,https://old.linguistlist.org/callconf/browse-conf-action.cfm?ConfID=440116
English for Healthcare Virtual Symposium,http://www.ealthy.com,Online,17-Sep-2021,17-Sep-2021,Applied Linguistics,English,https://old.linguistlist.org/callconf/browse-conf-action.cfm?ConfID=435116
"Evidentiality 2.0: Integrating egophoricity, focusing on equipollent contrasts, and re-examining visual evidentials",https://www.isw.unibe.ch/forschung/workshops/workshop_evidentiality_20/index_ger.html,Bern,05-Sep-2021,06-Sep-2021,Historical Linguistics; Semantics; Typology,,https://old.linguistlist.org/callconf/browse-conf-action.cfm?ConfID=430316
Fifth meeting of the Red Europea para el Estudio de las Lenguas Andinas (European Network for the Study of Andean Languages) (REELA),,Tübingen,10-Sep-2021,12-Sep-2021,Historical Linguistics,,https://old.linguistlist.org/callconf/browse-conf-action.cfm?ConfID=420696
FIFTHTEENTH CONFERENCE OF THE INTERNATIONAL ASSOCIATION OF FORENSIC LINGUISTS (IAFL15),https://easychair.org/cfp/IAFL2021,"Aston University, Birmingham",13-Sep-2021,17-Sep-2021,Applied Linguistics; Computational Linguistics; Discourse Analysis; Forensic Linguistics; Text/Corpus Linguistics,,https://old.linguistlist.org/callconf/browse-conf-action.cfm?ConfID=424536
International Conference for Learner Corpus Research (LCR 2021),https://www.learnercorpusassociation.org/international-conference-for-learner-corpus-research-lcr-2021/,Padua,23-Sep-2021,25-Sep-2021,Applied Linguistics; Computational Linguistics; Language Acquisition ,,https://old.linguistlist.org/callconf/browse-conf-action.cfm?ConfID=412556
International Symposium of Morphology 2021 (ISMo 2021),http://nabil.hathout.free.fr/ISMo2021/,Toulouse (Online),23-Sep-2021,24-Sep-2021,Morphology,,https://old.linguistlist.org/callconf/browse-conf-action.cfm?ConfID=438776
Language and the Law in the Age of Migration (ILLA),https://illaconferences2021.ua.es,Alicante,06-Sep-2021,10-Sep-2021,Applied Linguistics ,,https://old.linguistlist.org/callconf/browse-conf-action.cfm?ConfID=431716
Language Teacher Psychology Conference (LTP),https://language-teacher-psychology-2021.uni-graz.at/en/,Graz,06-Sep-2021,08-Sep-2021,Applied Linguistics,,https://old.linguistlist.org/callconf/browse-conf-action.cfm?ConfID=424036
Linguistic illusions in sentence processing (LISP-2021),https://www.ling.uni-konstanz.de/illusions2021/,"Constance, Baden-Württemberg (Virtual)",13-Sep-2021,14-Sep-2021,Cognitive Science; General Linguistics; Neurolinguistics; Psycholinguistics,,https://old.linguistlist.org/callconf/browse-conf-action.cfm?ConfID=441936
Linguistics Association of Great Britain 2021 (LAGB 2021),http://www.lagb.org.uk/lagb2021,Online,06-Sep-2021,09-Sep-2021,General Linguistics,,https://old.linguistlist.org/callconf/browse-conf-action.cfm?ConfID=445776
"LIV Congresso Internazionale della Società di Linguistica Italiana - Workshop 7. Il contributo dei corpora nell’analisi della fraseologia L1 e L2: dati, metodi e prospettive",https://www.sli2020.unifi.it/vp-116-ws-7-il-contributo-dei-corpora-nell-analisi-della-fraseologia-l1-e-l2-dati-metodi-e-prospettive.html,Firenze,01-Sep-2021,30-Sep-2021,Applied Linguistics; Computational Linguistics; Language Acquisition; Text/Corpus Linguistics,Italian,https://old.linguistlist.org/callconf/browse-conf-action.cfm?ConfID=434436
Łódź-ZHAW Duo Colloquium Contextuality in Translation and Interpreting,https://www.zhaw.ch/iued/duo,Winterthur,02-Sep-2021,04-Sep-2021,Translation,,https://old.linguistlist.org/callconf/browse-conf-action.cfm?ConfID=437276
Medical Documents Profession Recognition shared task at IberLEF/SEPLN2021 (MEDDOPROF),https://temu.bsc.es/meddoprof/,Virtual,22-Sep-2021,22-Sep-2021,Computational Linguistics ,,https://old.linguistlist.org/callconf/browse-conf-action.cfm?ConfID=444836
MESINESP2 track at BioASQ Workshop 2021 (CLEF 2021) (MESINESP2),https://temu.bsc.es/mesinesp2/,Bucharest,21-Sep-2021,24-Sep-2021,Computational Linguistics,Spanish,https://old.linguistlist.org/callconf/browse-conf-action.cfm?ConfID=443416
MiMS 2021,http://site.uit.no/acqva/call-for-papers/,Tromsø,16-Sep-2021,17-Sep-2021,Applied Linguistics; General Linguistics; Language Acquisition; Linguistic Theories; Psycholinguistics,English; German; Norwegian BokmÃ¥l; Russian,https://old.linguistlist.org/callconf/browse-conf-action.cfm?ConfID=421356
New Light from the East: Linguistic Perspectives on Non-Literary Papyri and Related Sources,https://www.newlightfromtheeast.ugent.be/,Athens,15-Sep-2021,17-Sep-2021,Historical Linguistics,"Greek, Ancient",https://old.linguistlist.org/callconf/browse-conf-action.cfm?ConfID=439156
"PAC 2021 – Spoken English varieties: redefining and representing realities, communities and norms (PAC 2021)",https://pac2021.sciencesconf.org,Toulouse,01-Sep-2021,03-Sep-2021,Phonology; Sociolinguistics,English,https://old.linguistlist.org/callconf/browse-conf-action.cfm?ConfID=436596
"Phraseology, constructions and translation: corpus-based, computational and cultural aspects (EUROPHRAS 2021)",https://uclouvain.be/en/research-institutes/ilc/plin/euphras-2021.html,Online,06-Sep-2021,09-Sep-2021,Applied Linguistics; Computational Linguistics; Text/Corpus Linguistics ,,https://old.linguistlist.org/callconf/browse-conf-action.cfm?ConfID=436836
Protolang Conference Series 7th International Conference,http://protolang.org/,Düsseldorf,06-Sep-2021,08-Sep-2021,Anthropological Linguistics; Cognitive Science; General Linguistics; Historical Linguistics,,https://old.linguistlist.org/callconf/browse-conf-action.cfm?ConfID=420896
RECENT ADVANCES IN NATURAL LANGUAGE PROCESSING 2021 (RANLP 2021),http://ranlp.org/ranlp2021,"Hotel “Cherno More”, Varna",06-Sep-2021,08-Sep-2021,Computational Linguistics,,https://old.linguistlist.org/callconf/browse-conf-action.cfm?ConfID=436436
Repetita iuvant? Un approccio multidisciplinare alla ripetizione. II Convegno internazionale per giovani ricercatori e ricercatrici (Repetita iuvant?),https://repetita2021.mozello.com/,Siena - Università per Stranieri di Siena,15-Sep-2021,17-Sep-2021,Applied Linguistics; General Linguistics; Historical Linguistics; Sociolinguistics; Text/Corpus Linguistics,,https://old.linguistlist.org/callconf/browse-conf-action.cfm?ConfID=439876
SALALS virtual conference 2021 (SALALS 2021),https://salals.org.za/conferences/salals-virtual-conference-2021/,Stellenbosch (Online),21-Sep-2021,23-Sep-2021,Applied Linguistics; General Linguistics,,https://old.linguistlist.org/callconf/browse-conf-action.cfm?ConfID=442936
"Seminar on Medical Innovation, Experimentation and Knowledge Paradigm Shifts: Past and Present Discursive Perspectives and Popularizing Strategies",,University of Catania,16-Sep-2021,18-Sep-2021,Discourse Analysis; Historical Linguistics; Lexicography; Sociolinguistics; Text/Corpus Linguistics,,https://old.linguistlist.org/callconf/browse-conf-action.cfm?ConfID=431496
Seventh International Workshop for Computational Linguistics of Uralic Languages (IWCLUL 2021),https://conference.krags.ru/sites/default/files/First%20call%20for%20papers_0.html,Syktyvkar,23-Sep-2021,25-Sep-2021,Computational Linguistics,Komi-Permyak; Komi-Zyrian; Russian,https://old.linguistlist.org/callconf/browse-conf-action.cfm?ConfID=443696
Sinn und Bedeutung 26 (SuB26),https://idsl1.phil-fak.uni-koeln.de/abteilungen/sprachwissenschaft/sinn-und-bedeutung-26,Online / Cologne,08-Sep-2021,10-Sep-2021,Linguistic Theories; Philosophy of Language; Pragmatics; Semantics,,https://old.linguistlist.org/callconf/browse-conf-action.cfm?ConfID=440656
Sixth International Symposium on Place Names 2021 (ISPN 2021),http://www.ufs.ac.za/2021ispn,Bloemfontein,29-Sep-2021,01-Oct-2021,Applied Linguistics; General Linguistics; Lexicography; Sociolinguistics,,https://old.linguistlist.org/callconf/browse-conf-action.cfm?ConfID=434176
"Sprache in Zeiten omnipräsenter Kreativität: Kreativität, Sprachpraxis und Subjektivierung in der Spätmoderne – GAL-Sektionentagung 2021 – Sektion Soziolinguistik (GAL 2021 – Soziolinguistik)",https://gal-wue21.de/,Würzburg,15-Sep-2021,17-Sep-2021,Sociolinguistics,,https://old.linguistlist.org/callconf/browse-conf-action.cfm?ConfID=442556
Standortbestimmungen 29. Kongress für Fremdsprachendidaktik der Deutschen Gesellschaft für Fremdsprachenforschung (DGFF2021),https://kongress.dgff.de/,Essen,22-Sep-2021,24-Sep-2021,Applied Linguistics; Language Acquisition; Sociolinguistics,,https://old.linguistlist.org/callconf/browse-conf-action.cfm?ConfID=429176
The Making of the Humanities IX (MOH IX),http://www.historyofhumanities.org/2019/12/13/call-for-papers-and-panels-the-making-of-the-humanities-ix/,Barcelona,20-Sep-2021,22-Sep-2021,History of Linguistics,,https://old.linguistlist.org/callconf/browse-conf-action.cfm?ConfID=443636
"Third Biennial Conference on Language, Data and Knowledge ((LDK2021))",http://2021.ldk-conf.org/,Zaragoza,01-Sep-2021,03-Sep-2021,Applied Linguistics; Computational Linguistics; General Linguistics; Lexicography; Text/Corpus Linguistics,,https://old.linguistlist.org/callconf/browse-conf-action.cfm?ConfID=430576
Third European Symposium in Celtic Studies (3rd SCE Symposium),https://sites.google.com/unipv.it/third-symposium-celtic-studies/home?authuser=0,Pavia,08-Sep-2021,10-Sep-2021,Historical Linguistics; Ling &amp; Literature,,https://old.linguistlist.org/callconf/browse-conf-action.cfm?ConfID=436196
Using Corpora in Contrastive and Translation Studies 2021 (UCCTS2021),https://events.unibo.it/uccts2021,"Bertinoro, Forlì",09-Sep-2021,11-Sep-2021,Text/Corpus Linguistics; Translation,,https://old.linguistlist.org/callconf/browse-conf-action.cfm?ConfID=435616
Voces 2021. Latin Middle Ages through Key Words (Voces21),https://glossaria.eu/voces,"Campus Condorcet, Paris-Aubervilliers (hybrid or fully online)",29-Sep-2021,30-Sep-2021,Historical Linguistics; Lexicography,Latin,https://old.linguistlist.org/callconf/browse-conf-action.cfm?ConfID=442216
XXXI Congreso de la Asociación para la Enseñanza del Español como Lengua Extranjera (XXXI ASELE),https://asele2020.unileon.es/,Universidad de León,01-Sep-2021,03-Sep-2021,Applied Linguistics; Language Acquisition,Spanish,https://old.linguistlist.org/callconf/browse-conf-action.cfm?ConfID=443396
XXXVII International Conference of the Spanish Society for Natural Language Processing (SEPLN),http://www.hitz.eus/sepln2021/,Malaga (online),22-Sep-2021,24-Sep-2021,Applied Linguistics; Computational Linguistics; Text/Corpus Linguistics,,https://old.linguistlist.org/callconf/browse-conf-action.cfm?ConfID=439316
12th Annual Workshop on Immigrant Languages in the Americas (WILA),http://www.workshoponimmigrantlanguages.org/,Helsinki (Hybrid),07-Oct-2021,09-Oct-2021,General Linguistics,,https://old.linguistlist.org/callconf/browse-conf-action.cfm?ConfID=439576
13th International Conference of the Forum for Research on the Languages of Scotland and Ulster (FRLSU) (FRLSU 2021),https://www.frlsu2021.anglistik.lmu.de/,Munich (online),28-Oct-2021,30-Oct-2021,General Linguistics,,https://old.linguistlist.org/callconf/browse-conf-action.cfm?ConfID=440636
2021 English Language Testing Society Virtual Conference,https://eltsociety.org/2021-virtual-conference/,Online,15-Oct-2021,16-Oct-2021,Applied Linguistics,,https://old.linguistlist.org/callconf/browse-conf-action.cfm?ConfID=440276
25th FOCUS Graduate Student Conference: Speaking Identity – Identity in Second Language Studies,https://journals.uc.edu/index.php/fogs/index,University of Cincinnati; Ohio (Hybrid),15-Oct-2021,16-Oct-2021,Sociolinguistics,,https://old.linguistlist.org/callconf/browse-conf-action.cfm?ConfID=442736
29th Japanese/Korean Linguistics Conference (JK29),https://sites.google.com/view/jkconf29/,"Nagoya University, Aichi (Virtual)",09-Oct-2021,11-Oct-2021,General Linguistics,Japanese; Korean,https://old.linguistlist.org/callconf/browse-conf-action.cfm?ConfID=440416
2nd International Conference “Language. Text. Society.” (LTS 2021-Con),https://ltsj.online/conference/,Samara,21-Oct-2021,22-Oct-2021,Discourse Analysis; General Linguistics; Pragmatics; Sociolinguistics; Text/Corpus Linguistics,,https://old.linguistlist.org/callconf/browse-conf-action.cfm?ConfID=436276
"2nd International Conference University Telecollaboration in Language Classes: Teaching Practices, Linguistic Challenges and Cultural Horizons (UTLCTPLCCH)",,Paris (Virtual),15-Oct-2021,16-Oct-2021,Language Acquisition; Ling &amp; Literature; Text/Corpus Linguistics; Translation,,https://old.linguistlist.org/callconf/browse-conf-action.cfm?ConfID=440456
3rd International Conference on Language Education and Research (LERC2021),https://www.lerconference.org/,Athens - Online,01-Oct-2021,03-Oct-2021,Applied Linguistics,English,https://old.linguistlist.org/callconf/browse-conf-action.cfm?ConfID=439856
4th Nuba Mountain Languages Conference (NMLC4),,Khartoum,31-Oct-2021,02-Nov-2021,Anthropological Linguistics,,https://old.linguistlist.org/callconf/browse-conf-action.cfm?ConfID=418876
54th International Conference on Sino-Tibetan Languages and Linguistics (ICSTLL54),https://www.icstll54.com/,Chengdu,29-Oct-2021,31-Oct-2021,Language Documentation,,https://old.linguistlist.org/callconf/browse-conf-action.cfm?ConfID=438576
59th Academy of Aphasia (AoA2021),http://www2.academyofaphasia.org/,Online,24-Oct-2021,26-Oct-2021,Clinical Linguistics; Cognitive Science; Language Acquisition; Neurolinguistics; Psycholinguistics,,https://old.linguistlist.org/callconf/browse-conf-action.cfm?ConfID=442496
6th Saarbrücken International Conference on Foreign Language Teaching 2021 (6. SCFLT),https://sites.google.com/view/6scflt-6sft-2021/home,Online,27-Oct-2021,29-Oct-2021,Applied Linguistics ,,https://old.linguistlist.org/callconf/browse-conf-action.cfm?ConfID=440936
Annual Meeting on Phonology 2021 (AMP 2021),https://www.amp2021toronto.com,Virtual (hosted by University of Toronto and York University),01-Oct-2021,03-Oct-2021,Phonology,,https://old.linguistlist.org/callconf/browse-conf-action.cfm?ConfID=443256
Bilingualism Matters Research Symposium 2021 (BMRS21),https://www.bilingualism-matters.org/events/bilingualism-matters-research-symposium-2021,Online,25-Oct-2021,26-Oct-2021,General Linguistics,,https://old.linguistlist.org/callconf/browse-conf-action.cfm?ConfID=444216
"Cases in Uralic, Altaic and Paleo-Asiatic languages",,St. Petersburg,21-Oct-2021,23-Oct-2021,Language Documentation; Morphology; Syntax,,https://old.linguistlist.org/callconf/browse-conf-action.cfm?ConfID=443076
"Computational Linguistics, Information, Reasoning, and AI 2021 (CompLingInfoReasAI'21)",https://www.dcai-conference.net/special-sessions/clirai,Salamanca (Hybrid),06-Oct-2021,08-Oct-2021,Computational Linguistics,,https://old.linguistlist.org/callconf/browse-conf-action.cfm?ConfID=443296
DiscourseNet 4th Congress (DNC4),https://discourseanalysis.net/DN/DNC4,Budapest (on-site) or virtual participation,20-Oct-2021,22-Oct-2021,Applied Linguistics; Discourse Analysis; Pragmatics; Sociolinguistics; Text/Corpus Linguistics,,https://old.linguistlist.org/callconf/browse-conf-action.cfm?ConfID=437796
Dis-orders of meaning: Public service reform and (counter-) discourse/Sens dessus dessous : Réformes du service public et (contre-)discours (GREG PLS 6),https://crea.parisnanterre.fr/groupe-de-recherche-sur-les-grammaires-greg--654115.kjsp,Université Paris Nanterre,01-Oct-2021,02-Oct-2021,Discourse Analysis; Pragmatics; Semantics; Sociolinguistics; Text/Corpus Linguistics,,https://old.linguistlist.org/callconf/browse-conf-action.cfm?ConfID=431696
Emerging Topics in Typology (International Workshop Series) (ETT2021),https://easychair.org/conferences/?conf=ett2021,Helsinki (virtual),25-Oct-2021,25-Nov-2021,Typology,,https://old.linguistlist.org/callconf/browse-conf-action.cfm?ConfID=445076
Enonciation et Argumentation,https://colenarg.paginas.ufsc.br,Distanciel,07-Oct-2021,09-Oct-2021,Discourse Analysis; Language Acquisition; Ling &amp; Literature; Semantics; Translation,,https://old.linguistlist.org/callconf/browse-conf-action.cfm?ConfID=443216
Graduate Student Conference in Learner Corpus Research 2021 (LCRGradConf21),https://eng.inn.no/lcrgradconf,Online,11-Oct-2021,12-Oct-2021,Text/Corpus Linguistics,,https://old.linguistlist.org/callconf/browse-conf-action.cfm?ConfID=442576
Hispanic Linguistics Symposium (HLS),http://hls2021.wfu.edu/,"Winston Salem, NC",07-Oct-2021,09-Oct-2021,Applied Linguistics; General Linguistics; Language Acquisition; Linguistic Theories; Text/Corpus Linguistics,Portuguese; Spanish,https://old.linguistlist.org/callconf/browse-conf-action.cfm?ConfID=436476
Historical language contact and emergent / emerging varieties in the Indian Ocean (HLCIO),http://www.fb10.uni-bremen.de/romanistik/default.aspx,Bremen,01-Oct-2021,03-Oct-2021,Anthropological Linguistics; Historical Linguistics; Language Documentation; Sociolinguistics,,https://old.linguistlist.org/callconf/browse-conf-action.cfm?ConfID=431936
"ICODOC 2021 : Knowledge and language Acquisition, transmission, manifestation",https://icodoc.sciencesconf.org/?forward-action=index&amp;forward-controller=index&amp;lang=en,Lyon,06-Oct-2021,08-Oct-2021,General Linguistics; Language Acquisition; Text/Corpus Linguistics,French,https://old.linguistlist.org/callconf/browse-conf-action.cfm?ConfID=434136
Instrumentation and new explorations in applied linguistics (ONELA),https://onela2021.sciencesconf.org/,Toulouse,19-Oct-2021,21-Oct-2021,Applied Linguistics,,https://old.linguistlist.org/callconf/browse-conf-action.cfm?ConfID=438816
International Conference on Conversation Analysis and Psychotherapy (ICCAP),https://www.iccap.ugent.be,Ghent University,07-Oct-2021,09-Oct-2021,Discourse Analysis,,https://old.linguistlist.org/callconf/browse-conf-action.cfm?ConfID=433816
International Workshop on Negation,https://vasfunproject.wixsite.com/vasfun,Vitoria-Gasteiz,07-Oct-2021,07-Oct-2021,Historical Linguistics; Morphology; Semantics; Syntax; Typology,,https://old.linguistlist.org/callconf/browse-conf-action.cfm?ConfID=438856
Languaging Diversity (LD2021),https://ld2021.sciencesconf.org/,University of Lille (Online Symposium),13-Oct-2021,15-Oct-2021,General Linguistics,,https://old.linguistlist.org/callconf/browse-conf-action.cfm?ConfID=438156
Middle East Studies Association - AATA Panel - Teaching Arabic Literature in Translation:: Approaches and Objectives (MESA),https://mesana.org/,"Montreal, Quebec, Canada",28-Oct-2021,31-Oct-2021,Applied Linguistics; Ling &amp; Literature; Translation,,https://old.linguistlist.org/callconf/browse-conf-action.cfm?ConfID=438256
New Ways of Analyzing Variation 49 (NWAV 49),https://www.nwav49.org/,Hosted virtually by the University of Texas at Austin,19-Oct-2021,24-Oct-2021,Computational Linguistics; General Linguistics; Sociolinguistics,,https://old.linguistlist.org/callconf/browse-conf-action.cfm?ConfID=445976
North American Research Network in Historical Sociolinguistics - special sessions at NWAV 49 (NARNiHS @ NWAV 49),https://www.nwav49.org/,ONLINE (via University of Texas at Austin),19-Oct-2021,24-Oct-2021,Historical Linguistics; Sociolinguistics; Text/Corpus Linguistics,,https://old.linguistlist.org/callconf/browse-conf-action.cfm?ConfID=442196
"Proto-Indo-European Reconstruction: Problems, possibilities and new perspectives (PIER Cambridge 2021)",http://www.pier-cam-2021.org,Cambridge,01-Oct-2021,02-Oct-2021,Historical Linguistics,,https://old.linguistlist.org/callconf/browse-conf-action.cfm?ConfID=438296
"R in Romance: System, Variation and Change",,Augsburg,04-Oct-2021,07-Oct-2021,Phonology,,https://old.linguistlist.org/callconf/browse-conf-action.cfm?ConfID=435136
Rootedness and Acculturation. Experiences from German Immigrant Communities in the USA (1883-1918),https://us-germans-bdx.sciencesconf.org,Bordeaux,14-Oct-2021,16-Oct-2021,Historical Linguistics; Language Documentation; Sociolinguistics,"German; German, Pennsylvania",https://old.linguistlist.org/callconf/browse-conf-action.cfm?ConfID=423316
The 2nd Interdisciplinary Conference on National languages in academic research and higher education (NatAcLang2020),https://nataclang2020.com/,Tallinn,07-Oct-2021,08-Oct-2021,Anthropological Linguistics; Applied Linguistics; Sociolinguistics,,https://old.linguistlist.org/callconf/browse-conf-action.cfm?ConfID=424136
"V Congrés Internacional de l’Associació de Joves Investigadors en Llengua i Literatura Catalanes: Llengua, cultura, societat, frontera (V CIAJILLC)",https://ajillc.wordpress.com/2021/03/09/v-congres-internacional-de-lassociacio-de-joves-investigadors-en-llengua-i-literatura-catalanes/,University of Perpignan,21-Oct-2021,23-Oct-2021,General Linguistics,Catalan-Valencian-Balear,https://old.linguistlist.org/callconf/browse-conf-action.cfm?ConfID=441416
Virtual Workshop on L3 Development After the Initial State (L3-AIS 2021),https://sites.bu.edu/l3developmentworkshop/,Online,01-Oct-2021,02-Oct-2021,Cognitive Science; Language Acquisition; Psycholinguistics,,https://old.linguistlist.org/callconf/browse-conf-action.cfm?ConfID=436636
"XXXVII. Deutscher Romanistentag, University of Augsburg (Germany), 04-07 October 2021",https://www.uni-augsburg.de/de/fakultaet/philhist/forschung/tagungen-konferenzen/37-romanistentag-2020/,University of Augsburg,04-Oct-2021,07-Oct-2021,Language Acquisition ,German ,https://old.linguistlist.org/callconf/browse-conf-action.cfm?ConfID=435256
15th Biennial Association for Academic Language and Learning Conference 2021 – Online (AALL Conference 2021),https://aallconference2021.cdu.edu.au/,Online,17-Nov-2021,19-Nov-2021,Applied Linguistics; General Linguistics,,https://old.linguistlist.org/callconf/browse-conf-action.cfm?ConfID=443336
20th INGED INTERNATIONAL ELT ONLINE CONFERENCE,https://inged.org.tr/,Bolu (Online),05-Nov-2021,06-Nov-2021,Applied Linguistics; Language Acquisition; Ling &amp; Literature,English,https://old.linguistlist.org/callconf/browse-conf-action.cfm?ConfID=440476
2nd International Symposium on Applied Linguistics Research (ALR2021),http://info.psu.edu.sa/prmcbeta/Virtual-Events-Platform/ALR2021/,Riyadh,06-Nov-2021,07-Nov-2021,Applied Linguistics,,https://old.linguistlist.org/callconf/browse-conf-action.cfm?ConfID=438056
46th Annual Boston University Conference on Language Development (BUCLD 46),https://www.bu.edu/bucld/,Online (Virtual) Conference,04-Nov-2021,07-Nov-2021,Applied Linguistics; Language Acquisition,,https://old.linguistlist.org/callconf/browse-conf-action.cfm?ConfID=440076
7th International Conference on Grammar & Text (GRATO 2021),https://clunl.fcsh.unl.pt/en/groups_clunl/gramatica-texto/grato/grato-2021/,Online,18-Nov-2021,20-Nov-2021,Linguistic Theories; Pragmatics; Semantics; Sociolinguistics; Writing Systems,,https://old.linguistlist.org/callconf/browse-conf-action.cfm?ConfID=440376
Argumentation & Language 2021 (ARGAGE2021),https://www.unine.ch/argage/home.html,University of Neuchâtel,10-Nov-2021,12-Nov-2021,Applied Linguistics; Computational Linguistics; Discourse Analysis; Pragmatics; Semantics,,https://old.linguistlist.org/callconf/browse-conf-action.cfm?ConfID=437716
Negotiating the Aesthetic: Norms and Practices in the Pre-modern Period,https://uni-tuebingen.de/forschung/forschungsschwerpunkte/sonderforschungsbereiche/sfb-andere-aesthetik/veranstaltungen/tagungen/,Tübingen,11-Nov-2021,13-Nov-2021,General Linguistics; Historical Linguistics; History of Linguistics,,https://old.linguistlist.org/callconf/browse-conf-action.cfm?ConfID=439276
Petra-E Conference “Literary Translation Studies”,https://drive.google.com/file/d/17gj7lF8GKNFXV4l4K4giqevKagOQkHxC/view,Trinity College Dublin,04-Nov-2021,06-Nov-2021,Translation,,https://old.linguistlist.org/callconf/browse-conf-action.cfm?ConfID=434676
'R-atics ('R-atics),https://wp.unil.ch/r-atics7/,Lausanne,18-Nov-2021,19-Nov-2021,Applied Linguistics; Phonetics; Phonology; Sociolinguistics,,https://old.linguistlist.org/callconf/browse-conf-action.cfm?ConfID=441836
(Re)Contextualising the Discursive Construction of Europe,https://discourseanalysis.net/en/recontextualising-discursive-construction-europe,Nicosia,25-Nov-2021,26-Nov-2021,Discourse Analysis,,https://old.linguistlist.org/callconf/browse-conf-action.cfm?ConfID=441696
Saarbrücker runder Tisch für Dialektsyntax / Saarbrücken Roundtable of Dialect Syntax (SaRDiS),http://www.sardis.uni-saarland.de,Saarbruecken,05-Nov-2021,06-Nov-2021,Historical Linguistics; Morphology; Syntax,German,https://old.linguistlist.org/callconf/browse-conf-action.cfm?ConfID=440256
Second International Symposium on Family Language Policy (SOFLP),https://plf-oralite.sciencesconf.org/,Paris,25-Nov-2021,26-Nov-2021,Sociolinguistics ,,https://old.linguistlist.org/callconf/browse-conf-action.cfm?ConfID=437896
Socially responsible linguistics – Applied Linguistics Conference 2021 (RESLING2021),http://resling.elte.hu/,Online,18-Nov-2021,19-Nov-2021,Applied Linguistics; Clinical Linguistics; Forensic Linguistics; Language Acquisition; Translation,,https://old.linguistlist.org/callconf/browse-conf-action.cfm?ConfID=442136
Third International Colloquium on Plurilingualism (3rd ICP),https://www.uniud.it/it/ateneo-uniud/ateneo-uniud-organizzazione/altre-strutture/centro-internazionale-plurilinguismo/convegni-call-for-papers,Udine,10-Nov-2021,12-Nov-2021,Sociolinguistics,,https://old.linguistlist.org/callconf/browse-conf-action.cfm?ConfID=424356
Workshop on Linguistic Variation at the Interfaces II (VARINT21),https://sites.google.com/view/varint21/home,"Universitat Autònoma de Barcelona, Barcelona",18-Nov-2021,19-Nov-2021,Cognitive Science; Morphology; Semantics; Syntax,,https://old.linguistlist.org/callconf/browse-conf-action.cfm?ConfID=439116
Colloque de Syntaxe et Sémantique à Paris (CSSP-2021),http://www.cssp.cnrs.fr/cssp2021/,Paris (Hybrid Event),09-Dec-2021,11-Dec-2021,Pragmatics; Semantics; Syntax,,https://old.linguistlist.org/callconf/browse-conf-action.cfm?ConfID=439716
InterGedi2021 - Digital Communication: Identity and Visibility in Research Dissemination (InterGedi2021),http://intergedi.unizar.es/intergedi-conference/,Zaragoza (Online),10-Dec-2021,11-Dec-2021,Applied Linguistics; Discourse Analysis; Pragmatics,,https://old.linguistlist.org/callconf/browse-conf-action.cfm?ConfID=441516
International Conference on Diversity and Inclusivity in English Language Education,http://www.diele.org/,Ho Chi Minh City,10-Dec-2021,11-Dec-2021,Applied Linguistics; Sociolinguistics,,https://old.linguistlist.org/callconf/browse-conf-action.cfm?ConfID=416196
Documentation and Description of Asian Languages:History and Epistemology (SHESL 2021),http://shesl.org/index.php/en/shesl-conference-2021/,Paris,20-Jan-2022,22-Jan-2022,History of Linguistics; Language Documentation,,https://old.linguistlist.org/callconf/browse-conf-action.cfm?ConfID=420956
Modern Language Association - Linguistics in Times of Pandemic (MLA),https://mla.confex.com/mla/2022/webprogrampreliminary/Paper16230.html,Washington DC,06-Jan-2022,09-Jan-2022,General Linguistics,,https://old.linguistlist.org/callconf/browse-conf-action.cfm?ConfID=440356
SSILA 2022 Annual Winter Meeting (SSILA 2022),https://www.ssila.org/,"Washington, DC",06-Jan-2022,09-Jan-2022,Anthropological Linguistics; General Linguistics; Language Documentation,,https://old.linguistlist.org/callconf/browse-conf-action.cfm?ConfID=443096
Le français donne la note,https://www.congresfrans.nl,Amsterdam,11-Feb-2022,12-Feb-2022,Applied Linguistics; Ling &amp; Literature,French,https://old.linguistlist.org/callconf/browse-conf-action.cfm?ConfID=440736
Fourth International Conference on Language Attrition and Bilingualism (ICLA 4) (ICLA 4),https://languageattrition.org/4th-international-conference-on-language-attrition/,New Haven,24-Mar-2022,26-Mar-2022,Applied Linguistics; Cognitive Science; Language Acquisition; Phonetics; Phonology; Psycholinguistics,,https://old.linguistlist.org/callconf/browse-conf-action.cfm?ConfID=439736
Privilèges et marginalisations dans la francophonie (CEFCO),https://lacite.uregina.ca/fr/crfm/colloques/colloque-du-centre-d-etudes-franco-canadiennes-de-l-ouest-cefco,Regina and Online,24-Mar-2022,26-Mar-2022,General Linguistics,French,https://old.linguistlist.org/callconf/browse-conf-action.cfm?ConfID=437656
International Conference on Language Variation in Europe (ICLaVE 11),http://iclave11.dioe.at,Vienna,11-Apr-2022,14-Apr-2022,General Linguistics; Linguistic Theories; Sociolinguistics; Text/Corpus Linguistics; Typology ,,https://old.linguistlist.org/callconf/browse-conf-action.cfm?ConfID=420376
13th Mediterranean Morphology Meeting (MMM13),,Rhodes,19-May-2022,22-May-2022,Morphology ,,https://old.linguistlist.org/callconf/browse-conf-action.cfm?ConfID=424376
Generative Approaches to Second Language Acquisition 16 (GASLA 16),,Trondheim,12-May-2022,14-May-2022,Language Acquisition; Morphology; Phonology; Pragmatics; Psycholinguistics; Syntax,,https://old.linguistlist.org/callconf/browse-conf-action.cfm?ConfID=446636
XII Congreso Internacional de Historia de la Lengua Española (XII CIHLE),http://cihle12.unileon.es,León,16-May-2022,20-May-2022,General Linguistics; Historical Linguistics,,https://old.linguistlist.org/callconf/browse-conf-action.cfm?ConfID=425116
18th Conference on Laboratory Phonology (LabPhon18),https://labphon.org/,"Hanyang University, Seoul",30-Jun-2022,02-Jul-2022,Phonetics; Phonology ,,https://old.linguistlist.org/callconf/browse-conf-action.cfm?ConfID=438696
Word-Formation Theories IV / Typology and Universals in Word-Formation V,,Kosice,23-Jun-2022,26-Jun-2022,Linguistic Theories; Morphology; Typology,,https://old.linguistlist.org/callconf/browse-conf-action.cfm?ConfID=404616
15th International Conference on Greek Linguistics (ICGL15),http://icgl15.fil.bg.ac.rs/,University of Belgrade,15-Sep-2022,18-Sep-2022,General Linguistics,"Greek, Modern",https://old.linguistlist.org/callconf/browse-conf-action.cfm?ConfID=432036
27. Deutscher Germanistentag 2022,http://germanistentag2022.de,Paderborn,25-Sep-2022,28-Sep-2022,General Linguistics; Ling &amp; Literature,,https://old.linguistlist.org/callconf/browse-conf-action.cfm?ConfID=446296
Generative Approaches to Language Acquisition (GALA),,Frankfurt,01-Sep-2022,03-Sep-2022,Language Acquisition ,,https://old.linguistlist.org/callconf/browse-conf-action.cfm?ConfID=424796
"International Congress of Linguists, ICL21, in Kazan (Russia), 25 June – 2 July 2023 (ICL21)",https://www.ciplnet.com/,Kazan,25-Jun-2023,02-Jul-2023,General Linguistics ,,https://old.linguistlist.org/callconf/browse-conf-action.cfm?ConfID=424156
